Nuclei SDK Build Time: Oct 10 2024, 16:59:53
Download Mode: ILM
CPU Frequency 24996085 Hz
CPU HartID: 0
CSV, encode, 1852730
CSV, encode, 1777596
CSV, encode, 1789948
CSV, encode, 1862854
CSV, encode, 1828698
CSV, encode, 1880696
CSV, encode, 1794091
CSV, encode, 1782070
CSV, encode, 1861536
CSV, encode, 1923971
CSV, encode, 1826678
CSV, encode, 1884799
CSV, encode, 1780778
CSV, encode, 1870190
CSV, encode, 1793406
CSV, encode, 1865507
CSV, encode, 1824142
CSV, encode, 1880169
CSV, encode, 1777342
CSV, encode, 1782879
CSV, encode, 1826974
CSV, encode, 1828871
CSV, encode, 1792379
CSV, encode, 1791329
CSV, encode, 1789859
CSV, encode, 1792810
CSV, encode, 1855990
CSV, encode, 1820991
CSV, encode, 1839590
CSV, encode, 1784083
CSV, encode, 1861066
CSV, encode, 1828107
CSV, encode, 1829798
CSV, encode, 1827381
CSV, encode, 1829089
CSV, encode, 1917994
CSV, encode, 1824552
CSV, encode, 1788956
CSV, encode, 1792565
CSV, encode, 1791327
CSV, encode, 1793204
CSV, encode, 1863124
CSV, encode, 1827868
CSV, encode, 1818774
CSV, encode, 1908371
CSV, encode, 1818467
CSV, encode, 1783021
CSV, encode, 1794410
CSV, encode, 1866264
CSV, encode, 1827205
CSV, encode, 1845562
CSV, encode, 1786789
CSV, encode, 1860326
CSV, encode, 1786138
CSV, encode, 1790910
CSV, encode, 1790676
CSV, encode, 1790699
CSV, encode, 1862463
CSV, encode, 1829023
CSV, encode, 1824077
CSV, encode, 1915671
CSV, encode, 1816006
CSV, encode, 1787319
CSV, encode, 1792151
CSV, encode, 1863411
CSV, encode, 1828484
CSV, encode, 1824097
CSV, encode, 1826363
CSV, encode, 1824537
CSV, encode, 1776787
CSV, encode, 1844079
CSV, encode, 1781021
CSV, encode, 1780803
CSV, encode, 1778703
CSV, encode, 1814329
CSV, encode, 1787390
CSV, encode, 1863430
CSV, encode, 1822581
CSV, encode, 1823095
CSV, encode, 1824890
CSV, encode, 1826602
CSV, encode, 1826514
CSV, encode, 1788133
CSV, encode, 1790103
CSV, encode, 1863619
CSV, encode, 1826890
CSV, encode, 1824820
CSV, encode, 1823749
CSV, encode, 1814858
CSV, encode, 1818585
CSV, encode, 1840996
CSV, encode, 1779170
CSV, encode, 1810934
CSV, encode, 1781887
CSV, encode, 1788690
CSV, encode, 1866413
CSV, encode, 1830814
CSV, encode, 1919321
CSV, encode, 1819333
CSV, encode, 1826203
CSV, encode, 1789555
CSV, encode, 1790867
CSV, encode, 1863853
CSV, encode, 1830626
CSV, encode, 1829205
CSV, encode, 1828412
CSV, encode, 1827394
CSV, encode, 1822916
CSV, encode, 1838096
CSV, encode, 1778784
CSV, encode, 1775828
CSV, encode, 1776890
CSV, encode, 1786529
CSV, encode, 1864999
CSV, encode, 1829261
CSV, encode, 1825782
CSV, encode, 1826199
CSV, encode, 1920808
CSV, encode, 1827205
CSV, encode, 1824313
CSV, encode, 1785894
CSV, encode, 1790275
CSV, encode, 1790843
CSV, encode, 1864670
CSV, encode, 1825332
CSV, encode, 1825907
CSV, encode, 1829653
CSV, encode, 1826353
CSV, encode, 1914739
CSV, encode, 1782148
CSV, encode, 1773657
CSV, encode, 1775369
CSV, encode, 1871873
CSV, encode, 1784755
CSV, encode, 1787801
CSV, encode, 1786139
CSV, encode, 1858660
CSV, encode, 1819898
CSV, encode, 1823882
CSV, encode, 1827893
CSV, encode, 1828280
CSV, encode, 1827871
CSV, encode, 1823141
CSV, encode, 1840729
CSV, encode, 1785134
CSV, encode, 1793989
CSV, encode, 1863182
CSV, encode, 1826602
CSV, encode, 1824423
CSV, encode, 1819503
CSV, encode, 1840132
CSV, encode, 1775594
CSV, encode, 1834516
CSV, encode, 1776522
CSV, encode, 1785534
CSV, encode, 1815629
CSV, encode, 1783005
CSV, encode, 1779676
CSV, encode, 1775790
CSV, encode, 1776805
CSV, encode, 1841542
CSV, encode, 1786091
CSV, encode, 1813444
CSV, encode, 1779618
CSV, encode, 1914505
CSV, encode, 1916447
CSV, encode, 1838705
CSV, encode, 1784343
CSV, encode, 1824365
CSV, encode, 1826739
CSV, encode, 1828704
CSV, encode, 1827631
CSV, encode, 1788722
CSV, encode, 1788650
CSV, encode, 1878685
CSV, encode, 1778883
CSV, encode, 1783950
CSV, encode, 1783201
CSV, encode, 1784284
CSV, encode, 1785863
CSV, encode, 1777446
CSV, encode, 1839114
CSV, encode, 1784665
CSV, encode, 1811149
CSV, encode, 1774102
CSV, encode, 1839198
CSV, encode, 1781026
CSV, encode, 1782728
CSV, encode, 1781164
CSV, encode, 1851606
CSV, encode, 1779891
CSV, encode, 1777890
CSV, encode, 1776658
CSV, encode, 1781241
CSV, encode, 1852315
CSV, encode, 1822583
CSV, encode, 1782652
CSV, encode, 1790131
CSV, encode, 1863826
CSV, encode, 1829807
CSV, encode, 1923660
CSV, encode, 1786524
CSV, encode, 1786440
CSV, encode, 1786634
CSV, encode, 1781720
CSV, encode, 1858719
CSV, encode, 1790908
CSV, encode, 1791100
CSV, encode, 1862704
CSV, encode, 1826995
CSV, encode, 1824099
CSV, encode, 1819297
CSV, encode, 1841486
CSV, encode, 1779999
CSV, encode, 1778281
CSV, encode, 1778763
CSV, encode, 1784922
CSV, encode, 1789605
CSV, encode, 1863566
CSV, encode, 1826806
CSV, encode, 1916236
CSV, encode, 1821661
CSV, encode, 1911780
CSV, encode, 1816561
CSV, encode, 1836056
CSV, encode, 1778622
CSV, encode, 1775319
CSV, encode, 1780843
CSV, encode, 1782980
CSV, encode, 1814440
CSV, encode, 1776919
CSV, encode, 1778643
CSV, encode, 1774134
CSV, encode, 1776193
CSV, encode, 1778901
CSV, encode, 1783884
CSV, encode, 1812184
CSV, encode, 1780258
CSV, encode, 1777852
CSV, encode, 1773952
CSV, encode, 1780791
CSV, encode, 1784382
CSV, encode, 1784289
CSV, encode, 1784891
CSV, encode, 1787823
CSV, encode, 1787526
CSV, encode, 1860615
CSV, encode, 1825404
CSV, encode, 1916703
CSV, encode, 1822956
CSV, encode, 1822854
CSV, encode, 1820830
CSV, encode, 1820817
CSV, encode, 1814050
CSV, encode, 1819099
CSV, encode, 1844598
CSV, encode, 1776841
CSV, encode, 1788020
CSV, encode, 1820023
CSV, encode, 1785333
CSV, encode, 1783094
CSV, encode, 1782842
CSV, encode, 1785230
CSV, encode, 1784079
CSV, encode, 1784051
CSV, encode, 1788820
CSV, encode, 1786511
CSV, encode, 1784412
CSV, encode, 1790281
CSV, encode, 1788598
CSV, encode, 1788706
CSV, encode, 1859045
CSV, encode, 1918217
CSV, encode, 1820445
CSV, encode, 1823310
CSV, encode, 1919099
CSV, encode, 1789609
CSV, encode, 1789906
CSV, encode, 1789359
CSV, encode, 1858311
CSV, encode, 1823654
CSV, encode, 1905581
CSV, encode, 1817698
CSV, encode, 1839585
CSV, encode, 1778687
CSV, encode, 1780480
CSV, encode, 1783260
CSV, encode, 1822843
CSV, encode, 1823093
CSV, encode, 1824601
CSV, encode, 1912644
CSV, encode, 1823691
CSV, encode, 1787158
CSV, encode, 1792123
CSV, encode, 1863201
CSV, encode, 1919725
CSV, encode, 1822333
CSV, encode, 1822399
CSV, encode, 1912568
finish