Nuclei SDK Build Time: Oct 11 2024, 19:03:32
Download Mode: ILM
CPU Frequency 24994775 Hz
CPU HartID: 0
Start encoding...
CSV, lc3plus_enc16, 938932
CSV, lc3plus_enc16, 718403
CSV, lc3plus_enc16, 792406
CSV, lc3plus_enc16, 755041
CSV, lc3plus_enc16, 754124
CSV, lc3plus_enc16, 748968
CSV, lc3plus_enc16, 785323
CSV, lc3plus_enc16, 760319
CSV, lc3plus_enc16, 727030
CSV, lc3plus_enc16, 721932
CSV, lc3plus_enc16, 821020
CSV, lc3plus_enc16, 788781
CSV, lc3plus_enc16, 721572
CSV, lc3plus_enc16, 723851
CSV, lc3plus_enc16, 755204
CSV, lc3plus_enc16, 790159
CSV, lc3plus_enc16, 819620
CSV, lc3plus_enc16, 746165
CSV, lc3plus_enc16, 728978
CSV, lc3plus_enc16, 821210
CSV, lc3plus_enc16, 717608
CSV, lc3plus_enc16, 821489
CSV, lc3plus_enc16, 715047
CSV, lc3plus_enc16, 790097
CSV, lc3plus_enc16, 792057
CSV, lc3plus_enc16, 729332
CSV, lc3plus_enc16, 729307
CSV, lc3plus_enc16, 761274
CSV, lc3plus_enc16, 759520
CSV, lc3plus_enc16, 821084
CSV, lc3plus_enc16, 723068
CSV, lc3plus_enc16, 754977
CSV, lc3plus_enc16, 789702
CSV, lc3plus_enc16, 725652
CSV, lc3plus_enc16, 791830
CSV, lc3plus_enc16, 783908
CSV, lc3plus_enc16, 791825
CSV, lc3plus_enc16, 755634
CSV, lc3plus_enc16, 711521
CSV, lc3plus_enc16, 756734
CSV, lc3plus_enc16, 794517
CSV, lc3plus_enc16, 798716
CSV, lc3plus_enc16, 817968
CSV, lc3plus_enc16, 784787
CSV, lc3plus_enc16, 695066
CSV, lc3plus_enc16, 719996
CSV, lc3plus_enc16, 766020
CSV, lc3plus_enc16, 787019
CSV, lc3plus_enc16, 725053
CSV, lc3plus_enc16, 823375
CSV, lc3plus_enc16, 754269
CSV, lc3plus_enc16, 784224
CSV, lc3plus_enc16, 794835
CSV, lc3plus_enc16, 754620
CSV, lc3plus_enc16, 725489
CSV, lc3plus_enc16, 824733
CSV, lc3plus_enc16, 715103
CSV, lc3plus_enc16, 688403
CSV, lc3plus_enc16, 785294
CSV, lc3plus_enc16, 791050
CSV, lc3plus_enc16, 807712
CSV, lc3plus_enc16, 780042
CSV, lc3plus_enc16, 750813
CSV, lc3plus_enc16, 721280
CSV, lc3plus_enc16, 725355
CSV, lc3plus_enc16, 753284
CSV, lc3plus_enc16, 800859
CSV, lc3plus_enc16, 788049
CSV, lc3plus_enc16, 714678
CSV, lc3plus_enc16, 712247
CSV, lc3plus_enc16, 759853
CSV, lc3plus_enc16, 798263
CSV, lc3plus_enc16, 790054
CSV, lc3plus_enc16, 803214
CSV, lc3plus_enc16, 752215
CSV, lc3plus_enc16, 757130
CSV, lc3plus_enc16, 794790
CSV, lc3plus_enc16, 723425
CSV, lc3plus_enc16, 825381
CSV, lc3plus_enc16, 823554
CSV, lc3plus_enc16, 758280
CSV, lc3plus_enc16, 768859
CSV, lc3plus_enc16, 794373
CSV, lc3plus_enc16, 702985
CSV, lc3plus_enc16, 797827
CSV, lc3plus_enc16, 751065
CSV, lc3plus_enc16, 730100
CSV, lc3plus_enc16, 799877
CSV, lc3plus_enc16, 793354
CSV, lc3plus_enc16, 726655
CSV, lc3plus_enc16, 785854
CSV, lc3plus_enc16, 823337
CSV, lc3plus_enc16, 800121
CSV, lc3plus_enc16, 804069
CSV, lc3plus_enc16, 751860
CSV, lc3plus_enc16, 820340
CSV, lc3plus_enc16, 822590
CSV, lc3plus_enc16, 798672
CSV, lc3plus_enc16, 829162
CSV, lc3plus_enc16, 801326
CSV, lc3plus_enc16, 835859
CSV, lc3plus_enc16, 748774
CSV, lc3plus_enc16, 910935
Result matches!
Encoding done!
Start decoding...
CSV, lc3plus_dec16, 512032
CSV, lc3plus_dec16, 304390
CSV, lc3plus_dec16, 307611
CSV, lc3plus_dec16, 296986
CSV, lc3plus_dec16, 305686
CSV, lc3plus_dec16, 309427
CSV, lc3plus_dec16, 309006
CSV, lc3plus_dec16, 313472
CSV, lc3plus_dec16, 301054
CSV, lc3plus_dec16, 301450
CSV, lc3plus_dec16, 302856
CSV, lc3plus_dec16, 302758
CSV, lc3plus_dec16, 300773
CSV, lc3plus_dec16, 311598
CSV, lc3plus_dec16, 302307
CSV, lc3plus_dec16, 309069
CSV, lc3plus_dec16, 308153
CSV, lc3plus_dec16, 307501
CSV, lc3plus_dec16, 309929
CSV, lc3plus_dec16, 304834
CSV, lc3plus_dec16, 306774
CSV, lc3plus_dec16, 306720
CSV, lc3plus_dec16, 305263
CSV, lc3plus_dec16, 308179
CSV, lc3plus_dec16, 306880
CSV, lc3plus_dec16, 305431
CSV, lc3plus_dec16, 304753
CSV, lc3plus_dec16, 300572
CSV, lc3plus_dec16, 302825
CSV, lc3plus_dec16, 318096
CSV, lc3plus_dec16, 303429
CSV, lc3plus_dec16, 301457
CSV, lc3plus_dec16, 305063
CSV, lc3plus_dec16, 305185
CSV, lc3plus_dec16, 307923
CSV, lc3plus_dec16, 304100
CSV, lc3plus_dec16, 304345
CSV, lc3plus_dec16, 300065
CSV, lc3plus_dec16, 299466
CSV, lc3plus_dec16, 300880
CSV, lc3plus_dec16, 307410
CSV, lc3plus_dec16, 311421
CSV, lc3plus_dec16, 304507
CSV, lc3plus_dec16, 306331
CSV, lc3plus_dec16, 299887
CSV, lc3plus_dec16, 296032
CSV, lc3plus_dec16, 303018
CSV, lc3plus_dec16, 298665
CSV, lc3plus_dec16, 297357
CSV, lc3plus_dec16, 304042
CSV, lc3plus_dec16, 299377
CSV, lc3plus_dec16, 299211
CSV, lc3plus_dec16, 307385
CSV, lc3plus_dec16, 301923
CSV, lc3plus_dec16, 297410
CSV, lc3plus_dec16, 304757
CSV, lc3plus_dec16, 295079
CSV, lc3plus_dec16, 298670
CSV, lc3plus_dec16, 304116
CSV, lc3plus_dec16, 306553
CSV, lc3plus_dec16, 304416
CSV, lc3plus_dec16, 299529
CSV, lc3plus_dec16, 297604
CSV, lc3plus_dec16, 297966
CSV, lc3plus_dec16, 304047
CSV, lc3plus_dec16, 297892
CSV, lc3plus_dec16, 309628
CSV, lc3plus_dec16, 299622
CSV, lc3plus_dec16, 295971
CSV, lc3plus_dec16, 297299
CSV, lc3plus_dec16, 296045
CSV, lc3plus_dec16, 300469
CSV, lc3plus_dec16, 296766
CSV, lc3plus_dec16, 301335
CSV, lc3plus_dec16, 303271
CSV, lc3plus_dec16, 307156
CSV, lc3plus_dec16, 298010
CSV, lc3plus_dec16, 302354
CSV, lc3plus_dec16, 307444
CSV, lc3plus_dec16, 301734
CSV, lc3plus_dec16, 296902
CSV, lc3plus_dec16, 301984
CSV, lc3plus_dec16, 297266
CSV, lc3plus_dec16, 303980
CSV, lc3plus_dec16, 300744
CSV, lc3plus_dec16, 294689
CSV, lc3plus_dec16, 300894
CSV, lc3plus_dec16, 299844
CSV, lc3plus_dec16, 300335
CSV, lc3plus_dec16, 300869
CSV, lc3plus_dec16, 302438
CSV, lc3plus_dec16, 301643
CSV, lc3plus_dec16, 300979
CSV, lc3plus_dec16, 301397
CSV, lc3plus_dec16, 302712
CSV, lc3plus_dec16, 299363
CSV, lc3plus_dec16, 300194
CSV, lc3plus_dec16, 302183
CSV, lc3plus_dec16, 301882
CSV, lc3plus_dec16, 301171
CSV, lc3plus_dec16, 396961
CSV, lc3plus_dec16, 307097
CSV, lc3plus_dec16, 474238
Result matches!
Decoding done!