Nuclei SDK Build Time: Oct 11 2024, 19:07:32
Download Mode: ILM
CPU Frequency 24996085 Hz
CPU HartID: 0
Start encoding...
CSV, lc3plus_enc16, 3765846
CSV, lc3plus_enc16, 3598448
CSV, lc3plus_enc16, 4352890
CSV, lc3plus_enc16, 4017510
CSV, lc3plus_enc16, 3775318
CSV, lc3plus_enc16, 3766452
CSV, lc3plus_enc16, 4329712
CSV, lc3plus_enc16, 3789633
CSV, lc3plus_enc16, 3711579
CSV, lc3plus_enc16, 3739559
CSV, lc3plus_enc16, 4254161
CSV, lc3plus_enc16, 4323049
CSV, lc3plus_enc16, 3717411
CSV, lc3plus_enc16, 3723916
CSV, lc3plus_enc16, 3788114
CSV, lc3plus_enc16, 4299827
CSV, lc3plus_enc16, 4259716
CSV, lc3plus_enc16, 3767592
CSV, lc3plus_enc16, 3718818
CSV, lc3plus_enc16, 4367632
CSV, lc3plus_enc16, 3737310
CSV, lc3plus_enc16, 4259850
CSV, lc3plus_enc16, 3713161
CSV, lc3plus_enc16, 4207331
CSV, lc3plus_enc16, 4323264
CSV, lc3plus_enc16, 3749665
CSV, lc3plus_enc16, 3750018
CSV, lc3plus_enc16, 3815043
CSV, lc3plus_enc16, 3798504
CSV, lc3plus_enc16, 4234295
CSV, lc3plus_enc16, 3712324
CSV, lc3plus_enc16, 3778260
CSV, lc3plus_enc16, 4068282
CSV, lc3plus_enc16, 3729251
CSV, lc3plus_enc16, 4231390
CSV, lc3plus_enc16, 4179284
CSV, lc3plus_enc16, 4182484
CSV, lc3plus_enc16, 4008022
CSV, lc3plus_enc16, 3549447
CSV, lc3plus_enc16, 3982272
CSV, lc3plus_enc16, 4231325
CSV, lc3plus_enc16, 4348920
CSV, lc3plus_enc16, 4392767
CSV, lc3plus_enc16, 4176168
CSV, lc3plus_enc16, 3520325
CSV, lc3plus_enc16, 3576714
CSV, lc3plus_enc16, 4137587
CSV, lc3plus_enc16, 4181501
CSV, lc3plus_enc16, 3580850
CSV, lc3plus_enc16, 4068314
CSV, lc3plus_enc16, 3787537
CSV, lc3plus_enc16, 4061843
CSV, lc3plus_enc16, 4345042
CSV, lc3plus_enc16, 4103325
CSV, lc3plus_enc16, 3580263
CSV, lc3plus_enc16, 4396113
CSV, lc3plus_enc16, 3563654
CSV, lc3plus_enc16, 3487900
CSV, lc3plus_enc16, 4064054
CSV, lc3plus_enc16, 4179525
CSV, lc3plus_enc16, 4355355
CSV, lc3plus_enc16, 4179324
CSV, lc3plus_enc16, 4107952
CSV, lc3plus_enc16, 3534569
CSV, lc3plus_enc16, 3585215
CSV, lc3plus_enc16, 4155573
CSV, lc3plus_enc16, 4109229
CSV, lc3plus_enc16, 4174530
CSV, lc3plus_enc16, 3566121
CSV, lc3plus_enc16, 3567896
CSV, lc3plus_enc16, 4021165
CSV, lc3plus_enc16, 4134163
CSV, lc3plus_enc16, 4184901
CSV, lc3plus_enc16, 4139486
CSV, lc3plus_enc16, 3781424
CSV, lc3plus_enc16, 3786280
CSV, lc3plus_enc16, 4196959
CSV, lc3plus_enc16, 3700750
CSV, lc3plus_enc16, 4387745
CSV, lc3plus_enc16, 4384653
CSV, lc3plus_enc16, 4015663
CSV, lc3plus_enc16, 4178646
CSV, lc3plus_enc16, 4167376
CSV, lc3plus_enc16, 3525397
CSV, lc3plus_enc16, 4127989
CSV, lc3plus_enc16, 4124038
CSV, lc3plus_enc16, 3536620
CSV, lc3plus_enc16, 4405701
CSV, lc3plus_enc16, 4335735
CSV, lc3plus_enc16, 3724831
CSV, lc3plus_enc16, 4109076
CSV, lc3plus_enc16, 4396113
CSV, lc3plus_enc16, 4336653
CSV, lc3plus_enc16, 4327466
CSV, lc3plus_enc16, 3776129
CSV, lc3plus_enc16, 4075078
CSV, lc3plus_enc16, 4393227
CSV, lc3plus_enc16, 4409654
CSV, lc3plus_enc16, 4383911
CSV, lc3plus_enc16, 4348276
CSV, lc3plus_enc16, 4108915
CSV, lc3plus_enc16, 3795375
CSV, lc3plus_enc16, 3954087
Result matches!
Encoding done!
Start decoding...
CSV, lc3plus_dec16, 1137387
CSV, lc3plus_dec16, 843361
CSV, lc3plus_dec16, 848587
CSV, lc3plus_dec16, 806375
CSV, lc3plus_dec16, 841161
CSV, lc3plus_dec16, 845424
CSV, lc3plus_dec16, 846616
CSV, lc3plus_dec16, 848560
CSV, lc3plus_dec16, 836991
CSV, lc3plus_dec16, 837725
CSV, lc3plus_dec16, 840998
CSV, lc3plus_dec16, 844094
CSV, lc3plus_dec16, 841564
CSV, lc3plus_dec16, 847500
CSV, lc3plus_dec16, 838356
CSV, lc3plus_dec16, 847512
CSV, lc3plus_dec16, 845996
CSV, lc3plus_dec16, 845428
CSV, lc3plus_dec16, 846602
CSV, lc3plus_dec16, 836935
CSV, lc3plus_dec16, 848989
CSV, lc3plus_dec16, 846332
CSV, lc3plus_dec16, 846331
CSV, lc3plus_dec16, 846597
CSV, lc3plus_dec16, 844817
CSV, lc3plus_dec16, 843120
CSV, lc3plus_dec16, 845445
CSV, lc3plus_dec16, 836954
CSV, lc3plus_dec16, 840740
CSV, lc3plus_dec16, 844830
CSV, lc3plus_dec16, 842700
CSV, lc3plus_dec16, 842704
CSV, lc3plus_dec16, 811281
CSV, lc3plus_dec16, 843545
CSV, lc3plus_dec16, 848754
CSV, lc3plus_dec16, 811722
CSV, lc3plus_dec16, 813824
CSV, lc3plus_dec16, 811399
CSV, lc3plus_dec16, 805793
CSV, lc3plus_dec16, 816420
CSV, lc3plus_dec16, 844921
CSV, lc3plus_dec16, 844392
CSV, lc3plus_dec16, 841290
CSV, lc3plus_dec16, 813235
CSV, lc3plus_dec16, 811090
CSV, lc3plus_dec16, 806218
CSV, lc3plus_dec16, 812296
CSV, lc3plus_dec16, 807858
CSV, lc3plus_dec16, 807808
CSV, lc3plus_dec16, 807122
CSV, lc3plus_dec16, 837064
CSV, lc3plus_dec16, 807578
CSV, lc3plus_dec16, 843958
CSV, lc3plus_dec16, 810936
CSV, lc3plus_dec16, 804375
CSV, lc3plus_dec16, 839399
CSV, lc3plus_dec16, 806036
CSV, lc3plus_dec16, 809606
CSV, lc3plus_dec16, 807893
CSV, lc3plus_dec16, 804975
CSV, lc3plus_dec16, 839652
CSV, lc3plus_dec16, 807811
CSV, lc3plus_dec16, 796059
CSV, lc3plus_dec16, 804150
CSV, lc3plus_dec16, 809007
CSV, lc3plus_dec16, 806874
CSV, lc3plus_dec16, 805689
CSV, lc3plus_dec16, 807680
CSV, lc3plus_dec16, 803006
CSV, lc3plus_dec16, 805994
CSV, lc3plus_dec16, 793355
CSV, lc3plus_dec16, 792841
CSV, lc3plus_dec16, 806603
CSV, lc3plus_dec16, 807577
CSV, lc3plus_dec16, 839932
CSV, lc3plus_dec16, 839889
CSV, lc3plus_dec16, 808535
CSV, lc3plus_dec16, 838924
CSV, lc3plus_dec16, 839015
CSV, lc3plus_dec16, 828292
CSV, lc3plus_dec16, 805680
CSV, lc3plus_dec16, 807854
CSV, lc3plus_dec16, 792591
CSV, lc3plus_dec16, 794571
CSV, lc3plus_dec16, 793243
CSV, lc3plus_dec16, 803948
CSV, lc3plus_dec16, 805711
CSV, lc3plus_dec16, 840725
CSV, lc3plus_dec16, 839633
CSV, lc3plus_dec16, 837037
CSV, lc3plus_dec16, 806852
CSV, lc3plus_dec16, 840054
CSV, lc3plus_dec16, 837893
CSV, lc3plus_dec16, 839080
CSV, lc3plus_dec16, 841154
CSV, lc3plus_dec16, 805632
CSV, lc3plus_dec16, 839284
CSV, lc3plus_dec16, 842699
CSV, lc3plus_dec16, 839571
CSV, lc3plus_dec16, 839652
CSV, lc3plus_dec16, 933934
CSV, lc3plus_dec16, 845561
CSV, lc3plus_dec16, 1110145
Result matches!
Decoding done!