Nuclei SDK Build Time: Oct 14 2024, 15:50:41
Download Mode: ILM
CPU Frequency 25002967 Hz
CPU HartID: 0
Start processing...
CSV, speex_echo_cancellation, 11060591
CSV, speex_preprocess_run, 4244823
CSV, speex_echo_cancellation, 11170033
CSV, speex_preprocess_run, 4291190
CSV, speex_echo_cancellation, 11280555
CSV, speex_preprocess_run, 4281958
CSV, speex_echo_cancellation, 12372943
CSV, speex_preprocess_run, 4283668
CSV, speex_echo_cancellation, 12500715
CSV, speex_preprocess_run, 4280206
CSV, speex_echo_cancellation, 12615956
CSV, speex_preprocess_run, 4272209
CSV, speex_echo_cancellation, 12722326
CSV, speex_preprocess_run, 4269794
CSV, speex_echo_cancellation, 12646320
CSV, speex_preprocess_run, 4287202
CSV, speex_echo_cancellation, 12881706
CSV, speex_preprocess_run, 4274144
CSV, speex_echo_cancellation, 13047163
CSV, speex_preprocess_run, 4273058
CSV, speex_echo_cancellation, 13156833
CSV, speex_preprocess_run, 4274616
CSV, speex_echo_cancellation, 13258336
CSV, speex_preprocess_run, 4282534
CSV, speex_echo_cancellation, 13363966
CSV, speex_preprocess_run, 4274385
CSV, speex_echo_cancellation, 13469926
CSV, speex_preprocess_run, 4289126
CSV, speex_echo_cancellation, 13578499
CSV, speex_preprocess_run, 4277950
CSV, speex_echo_cancellation, 13687748
CSV, speex_preprocess_run, 4281260
CSV, speex_echo_cancellation, 13787551
CSV, speex_preprocess_run, 4282601
CSV, speex_echo_cancellation, 13711898
CSV, speex_preprocess_run, 4280701
CSV, speex_echo_cancellation, 14220131
CSV, speex_preprocess_run, 4279724
CSV, speex_echo_cancellation, 14487993
CSV, speex_preprocess_run, 4271558
CSV, speex_echo_cancellation, 14593106
CSV, speex_preprocess_run, 4275929
CSV, speex_echo_cancellation, 14699340
CSV, speex_preprocess_run, 4282758
CSV, speex_echo_cancellation, 14711876
CSV, speex_preprocess_run, 4281528
CSV, speex_echo_cancellation, 14709512
CSV, speex_preprocess_run, 4287237
CSV, speex_echo_cancellation, 14709504
CSV, speex_preprocess_run, 4277667
CSV, speex_echo_cancellation, 14704661
CSV, speex_preprocess_run, 4275198
CSV, speex_echo_cancellation, 14709655
CSV, speex_preprocess_run, 4271614
CSV, speex_echo_cancellation, 14705503
CSV, speex_preprocess_run, 4269859
CSV, speex_echo_cancellation, 14704857
CSV, speex_preprocess_run, 4269808
CSV, speex_echo_cancellation, 14698995
CSV, speex_preprocess_run, 4264633
CSV, speex_echo_cancellation, 14699577
CSV, speex_preprocess_run, 4266988
CSV, speex_echo_cancellation, 14700197
CSV, speex_preprocess_run, 4322733
CSV, speex_echo_cancellation, 14699919
CSV, speex_preprocess_run, 4449829
CSV, speex_echo_cancellation, 14701315
CSV, speex_preprocess_run, 4516874
CSV, speex_echo_cancellation, 14701631
CSV, speex_preprocess_run, 4566036
CSV, speex_echo_cancellation, 14700242
CSV, speex_preprocess_run, 4612989
CSV, speex_echo_cancellation, 14702752
CSV, speex_preprocess_run, 4620983
CSV, speex_echo_cancellation, 14707000
CSV, speex_preprocess_run, 4637056
CSV, speex_echo_cancellation, 14707009
CSV, speex_preprocess_run, 4649267
CSV, speex_echo_cancellation, 14702486
CSV, speex_preprocess_run, 4660971
CSV, speex_echo_cancellation, 14701069
CSV, speex_preprocess_run, 4655925
CSV, speex_echo_cancellation, 14706088
CSV, speex_preprocess_run, 4670220
CSV, speex_echo_cancellation, 14708540
CSV, speex_preprocess_run, 4665374
CSV, speex_echo_cancellation, 14705678
CSV, speex_preprocess_run, 4661107
CSV, speex_echo_cancellation, 14708023
CSV, speex_preprocess_run, 4674301
CSV, speex_echo_cancellation, 14706030
CSV, speex_preprocess_run, 4667088
CSV, speex_echo_cancellation, 14703929
CSV, speex_preprocess_run, 4665039
CSV, speex_echo_cancellation, 14704654
CSV, speex_preprocess_run, 4678963
CSV, speex_echo_cancellation, 14698432
CSV, speex_preprocess_run, 4689535
CSV, speex_echo_cancellation, 14693891
CSV, speex_preprocess_run, 4698892
CSV, speex_echo_cancellation, 14697620
CSV, speex_preprocess_run, 4703442
CSV, speex_echo_cancellation, 14699410
CSV, speex_preprocess_run, 4711535
CSV, speex_echo_cancellation, 14697166
CSV, speex_preprocess_run, 4723111
CSV, speex_echo_cancellation, 14691060
CSV, speex_preprocess_run, 4729613
CSV, speex_echo_cancellation, 14696113
CSV, speex_preprocess_run, 4736198
CSV, speex_echo_cancellation, 14688620
CSV, speex_preprocess_run, 4732689
CSV, speex_echo_cancellation, 14685241
CSV, speex_preprocess_run, 4725853
CSV, speex_echo_cancellation, 14690037
CSV, speex_preprocess_run, 4726995
CSV, speex_echo_cancellation, 14692671
CSV, speex_preprocess_run, 4721301
CSV, speex_echo_cancellation, 14688945
CSV, speex_preprocess_run, 4727532
CSV, speex_echo_cancellation, 14685854
CSV, speex_preprocess_run, 4726379
CSV, speex_echo_cancellation, 14697024
CSV, speex_preprocess_run, 4726130
CSV, speex_echo_cancellation, 14689491
CSV, speex_preprocess_run, 4730095
CSV, speex_echo_cancellation, 14686500
CSV, speex_preprocess_run, 4737798
CSV, speex_echo_cancellation, 14686171
CSV, speex_preprocess_run, 4758023
CSV, speex_echo_cancellation, 14681320
CSV, speex_preprocess_run, 4784757
CSV, speex_echo_cancellation, 14676397
CSV, speex_preprocess_run, 4770916
CSV, speex_echo_cancellation, 14676785
CSV, speex_preprocess_run, 4763794
CSV, speex_echo_cancellation, 14678543
CSV, speex_preprocess_run, 4781257
CSV, speex_echo_cancellation, 14673693
CSV, speex_preprocess_run, 4765474
CSV, speex_echo_cancellation, 14675491
CSV, speex_preprocess_run, 4783450
CSV, speex_echo_cancellation, 14674502
CSV, speex_preprocess_run, 4785171
CSV, speex_echo_cancellation, 14678662
CSV, speex_preprocess_run, 4784788
CSV, speex_echo_cancellation, 14672813
CSV, speex_preprocess_run, 4799366
CSV, speex_echo_cancellation, 14672885
CSV, speex_preprocess_run, 4781228
CSV, speex_echo_cancellation, 14670680
CSV, speex_preprocess_run, 4778560
CSV, speex_echo_cancellation, 14676512
CSV, speex_preprocess_run, 4781442
CSV, speex_echo_cancellation, 14672596
CSV, speex_preprocess_run, 4778321
CSV, speex_echo_cancellation, 14674632
CSV, speex_preprocess_run, 4777292
CSV, speex_echo_cancellation, 14673489
CSV, speex_preprocess_run, 4772028
CSV, speex_echo_cancellation, 14674546
CSV, speex_preprocess_run, 4786901
CSV, speex_echo_cancellation, 14678403
CSV, speex_preprocess_run, 4781227
CSV, speex_echo_cancellation, 14672265
CSV, speex_preprocess_run, 4773448
CSV, speex_echo_cancellation, 14670323
CSV, speex_preprocess_run, 4778532
CSV, speex_echo_cancellation, 14670956
CSV, speex_preprocess_run, 4769036
CSV, speex_echo_cancellation, 14672347
CSV, speex_preprocess_run, 4774509
CSV, speex_echo_cancellation, 14682372
CSV, speex_preprocess_run, 4781914
CSV, speex_echo_cancellation, 14685438
CSV, speex_preprocess_run, 4781589
CSV, speex_echo_cancellation, 14671145
CSV, speex_preprocess_run, 4787523
CSV, speex_echo_cancellation, 14665706
CSV, speex_preprocess_run, 4788452
CSV, speex_echo_cancellation, 14668873
CSV, speex_preprocess_run, 4784095
CSV, speex_echo_cancellation, 14663712
CSV, speex_preprocess_run, 4781166
CSV, speex_echo_cancellation, 14672079
CSV, speex_preprocess_run, 4789075
CSV, speex_echo_cancellation, 14666663
CSV, speex_preprocess_run, 4788358
CSV, speex_echo_cancellation, 14670947
CSV, speex_preprocess_run, 4793101
CSV, speex_echo_cancellation, 14664163
CSV, speex_preprocess_run, 4783669
CSV, speex_echo_cancellation, 14669229
CSV, speex_preprocess_run, 4789538
CSV, speex_echo_cancellation, 14670726
CSV, speex_preprocess_run, 4792433
CSV, speex_echo_cancellation, 14672751
CSV, speex_preprocess_run, 4793962
CSV, speex_echo_cancellation, 14670407
CSV, speex_preprocess_run, 4792213
CSV, speex_echo_cancellation, 14672395
CSV, speex_preprocess_run, 4791822
CSV, speex_echo_cancellation, 14670428
CSV, speex_preprocess_run, 4794285
CSV, speex_echo_cancellation, 14671861
CSV, speex_preprocess_run, 4794409
CSV, speex_echo_cancellation, 14670667
CSV, speex_preprocess_run, 4793833
CSV, speex_echo_cancellation, 14671579
CSV, speex_preprocess_run, 4792433
CSV, speex_echo_cancellation, 14673479
CSV, speex_preprocess_run, 4785636
CSV, speex_echo_cancellation, 14673154
CSV, speex_preprocess_run, 4795686
CSV, speex_echo_cancellation, 14669250
CSV, speex_preprocess_run, 4789588
CSV, speex_echo_cancellation, 14667113
CSV, speex_preprocess_run, 4788251
CSV, speex_echo_cancellation, 14670810
CSV, speex_preprocess_run, 4790551
CSV, speex_echo_cancellation, 14671173
CSV, speex_preprocess_run, 4788562
CSV, speex_echo_cancellation, 14672695
CSV, speex_preprocess_run, 4790838
CSV, speex_echo_cancellation, 14671888
CSV, speex_preprocess_run, 4783661
CSV, speex_echo_cancellation, 14671298
CSV, speex_preprocess_run, 4790076
CSV, speex_echo_cancellation, 14665657
CSV, speex_preprocess_run, 4787888
CSV, speex_echo_cancellation, 14669055
CSV, speex_preprocess_run, 4791853
CSV, speex_echo_cancellation, 14667924
CSV, speex_preprocess_run, 4791264
CSV, speex_echo_cancellation, 14667806
CSV, speex_preprocess_run, 4790615
CSV, speex_echo_cancellation, 14672959
CSV, speex_preprocess_run, 4780185
CSV, speex_echo_cancellation, 14671305
CSV, speex_preprocess_run, 4776122
CSV, speex_echo_cancellation, 14673969
CSV, speex_preprocess_run, 4777185
CSV, speex_echo_cancellation, 14668379
CSV, speex_preprocess_run, 4779041
CSV, speex_echo_cancellation, 14664470
CSV, speex_preprocess_run, 4778713
CSV, speex_echo_cancellation, 14668310
CSV, speex_preprocess_run, 4780292
CSV, speex_echo_cancellation, 14671905
CSV, speex_preprocess_run, 4777439
Result matches!