Nuclei SDK Build Time: Oct 14 2024, 15:43:49
Download Mode: ILM
CPU Frequency 25003950 Hz
CPU HartID: 0
Start processing...
CSV, speex_echo_cancellation, 958964
CSV, speex_preprocess_run, 334947
CSV, speex_echo_cancellation, 958937
CSV, speex_preprocess_run, 331389
CSV, speex_echo_cancellation, 970320
CSV, speex_preprocess_run, 328725
CSV, speex_echo_cancellation, 993768
CSV, speex_preprocess_run, 328418
CSV, speex_echo_cancellation, 994263
CSV, speex_preprocess_run, 327697
CSV, speex_echo_cancellation, 994588
CSV, speex_preprocess_run, 328136
CSV, speex_echo_cancellation, 1044891
CSV, speex_preprocess_run, 327531
CSV, speex_echo_cancellation, 993711
CSV, speex_preprocess_run, 328165
CSV, speex_echo_cancellation, 993858
CSV, speex_preprocess_run, 327934
CSV, speex_echo_cancellation, 994110
CSV, speex_preprocess_run, 327275
CSV, speex_echo_cancellation, 994437
CSV, speex_preprocess_run, 327416
CSV, speex_echo_cancellation, 994192
CSV, speex_preprocess_run, 327718
CSV, speex_echo_cancellation, 993801
CSV, speex_preprocess_run, 327725
CSV, speex_echo_cancellation, 993942
CSV, speex_preprocess_run, 328105
CSV, speex_echo_cancellation, 994316
CSV, speex_preprocess_run, 328178
CSV, speex_echo_cancellation, 1045453
CSV, speex_preprocess_run, 328203
CSV, speex_echo_cancellation, 992822
CSV, speex_preprocess_run, 328373
CSV, speex_echo_cancellation, 993569
CSV, speex_preprocess_run, 328102
CSV, speex_echo_cancellation, 993920
CSV, speex_preprocess_run, 327907
CSV, speex_echo_cancellation, 993821
CSV, speex_preprocess_run, 327179
CSV, speex_echo_cancellation, 993505
CSV, speex_preprocess_run, 327436
CSV, speex_echo_cancellation, 993772
CSV, speex_preprocess_run, 328002
CSV, speex_echo_cancellation, 993776
CSV, speex_preprocess_run, 328384
CSV, speex_echo_cancellation, 993858
CSV, speex_preprocess_run, 328614
CSV, speex_echo_cancellation, 993167
CSV, speex_preprocess_run, 327121
CSV, speex_echo_cancellation, 993736
CSV, speex_preprocess_run, 327142
CSV, speex_echo_cancellation, 994218
CSV, speex_preprocess_run, 326627
CSV, speex_echo_cancellation, 994285
CSV, speex_preprocess_run, 326789
CSV, speex_echo_cancellation, 993854
CSV, speex_preprocess_run, 326708
CSV, speex_echo_cancellation, 994034
CSV, speex_preprocess_run, 326838
CSV, speex_echo_cancellation, 994136
CSV, speex_preprocess_run, 326938
CSV, speex_echo_cancellation, 993815
CSV, speex_preprocess_run, 335031
CSV, speex_echo_cancellation, 994152
CSV, speex_preprocess_run, 340254
CSV, speex_echo_cancellation, 993826
CSV, speex_preprocess_run, 341991
CSV, speex_echo_cancellation, 993988
CSV, speex_preprocess_run, 343838
CSV, speex_echo_cancellation, 993654
CSV, speex_preprocess_run, 345681
CSV, speex_echo_cancellation, 994921
CSV, speex_preprocess_run, 346519
CSV, speex_echo_cancellation, 993636
CSV, speex_preprocess_run, 347079
CSV, speex_echo_cancellation, 993779
CSV, speex_preprocess_run, 347843
CSV, speex_echo_cancellation, 993396
CSV, speex_preprocess_run, 347391
CSV, speex_echo_cancellation, 993064
CSV, speex_preprocess_run, 347790
CSV, speex_echo_cancellation, 993947
CSV, speex_preprocess_run, 348006
CSV, speex_echo_cancellation, 994439
CSV, speex_preprocess_run, 347960
CSV, speex_echo_cancellation, 994421
CSV, speex_preprocess_run, 347329
CSV, speex_echo_cancellation, 994289
CSV, speex_preprocess_run, 347855
CSV, speex_echo_cancellation, 993289
CSV, speex_preprocess_run, 347759
CSV, speex_echo_cancellation, 993534
CSV, speex_preprocess_run, 348027
CSV, speex_echo_cancellation, 993971
CSV, speex_preprocess_run, 348490
CSV, speex_echo_cancellation, 993894
CSV, speex_preprocess_run, 349638
CSV, speex_echo_cancellation, 994251
CSV, speex_preprocess_run, 350197
CSV, speex_echo_cancellation, 993504
CSV, speex_preprocess_run, 350038
CSV, speex_echo_cancellation, 994190
CSV, speex_preprocess_run, 351244
CSV, speex_echo_cancellation, 993441
CSV, speex_preprocess_run, 351608
CSV, speex_echo_cancellation, 993523
CSV, speex_preprocess_run, 352284
CSV, speex_echo_cancellation, 993935
CSV, speex_preprocess_run, 352228
CSV, speex_echo_cancellation, 993190
CSV, speex_preprocess_run, 352176
CSV, speex_echo_cancellation, 993488
CSV, speex_preprocess_run, 352069
CSV, speex_echo_cancellation, 994019
CSV, speex_preprocess_run, 351938
CSV, speex_echo_cancellation, 993664
CSV, speex_preprocess_run, 352094
CSV, speex_echo_cancellation, 993307
CSV, speex_preprocess_run, 352126
CSV, speex_echo_cancellation, 993507
CSV, speex_preprocess_run, 351936
CSV, speex_echo_cancellation, 992952
CSV, speex_preprocess_run, 351616
CSV, speex_echo_cancellation, 993280
CSV, speex_preprocess_run, 351723
CSV, speex_echo_cancellation, 993777
CSV, speex_preprocess_run, 352698
CSV, speex_echo_cancellation, 993779
CSV, speex_preprocess_run, 353830
CSV, speex_echo_cancellation, 993421
CSV, speex_preprocess_run, 354712
CSV, speex_echo_cancellation, 992811
CSV, speex_preprocess_run, 354251
CSV, speex_echo_cancellation, 992419
CSV, speex_preprocess_run, 354226
CSV, speex_echo_cancellation, 992297
CSV, speex_preprocess_run, 354555
CSV, speex_echo_cancellation, 992804
CSV, speex_preprocess_run, 354192
CSV, speex_echo_cancellation, 993222
CSV, speex_preprocess_run, 354951
CSV, speex_echo_cancellation, 991836
CSV, speex_preprocess_run, 355085
CSV, speex_echo_cancellation, 993250
CSV, speex_preprocess_run, 355299
CSV, speex_echo_cancellation, 992887
CSV, speex_preprocess_run, 355543
CSV, speex_echo_cancellation, 993179
CSV, speex_preprocess_run, 354760
CSV, speex_echo_cancellation, 992851
CSV, speex_preprocess_run, 354738
CSV, speex_echo_cancellation, 993440
CSV, speex_preprocess_run, 355017
CSV, speex_echo_cancellation, 992372
CSV, speex_preprocess_run, 354938
CSV, speex_echo_cancellation, 992690
CSV, speex_preprocess_run, 354766
CSV, speex_echo_cancellation, 992885
CSV, speex_preprocess_run, 354283
CSV, speex_echo_cancellation, 992903
CSV, speex_preprocess_run, 355542
CSV, speex_echo_cancellation, 993562
CSV, speex_preprocess_run, 355180
CSV, speex_echo_cancellation, 992402
CSV, speex_preprocess_run, 354896
CSV, speex_echo_cancellation, 993554
CSV, speex_preprocess_run, 354712
CSV, speex_echo_cancellation, 993341
CSV, speex_preprocess_run, 354494
CSV, speex_echo_cancellation, 992588
CSV, speex_preprocess_run, 355184
CSV, speex_echo_cancellation, 992259
CSV, speex_preprocess_run, 355507
CSV, speex_echo_cancellation, 992527
CSV, speex_preprocess_run, 355785
CSV, speex_echo_cancellation, 993203
CSV, speex_preprocess_run, 355879
CSV, speex_echo_cancellation, 993476
CSV, speex_preprocess_run, 356052
CSV, speex_echo_cancellation, 993252
CSV, speex_preprocess_run, 355396
CSV, speex_echo_cancellation, 993018
CSV, speex_preprocess_run, 356285
CSV, speex_echo_cancellation, 992461
CSV, speex_preprocess_run, 355856
CSV, speex_echo_cancellation, 993352
CSV, speex_preprocess_run, 355759
CSV, speex_echo_cancellation, 992557
CSV, speex_preprocess_run, 355945
CSV, speex_echo_cancellation, 992778
CSV, speex_preprocess_run, 354993
CSV, speex_echo_cancellation, 992478
CSV, speex_preprocess_run, 356300
CSV, speex_echo_cancellation, 992926
CSV, speex_preprocess_run, 356398
CSV, speex_echo_cancellation, 992661
CSV, speex_preprocess_run, 356403
CSV, speex_echo_cancellation, 992823
CSV, speex_preprocess_run, 356141
CSV, speex_echo_cancellation, 993139
CSV, speex_preprocess_run, 355951
CSV, speex_echo_cancellation, 992421
CSV, speex_preprocess_run, 356187
CSV, speex_echo_cancellation, 993460
CSV, speex_preprocess_run, 356149
CSV, speex_echo_cancellation, 993459
CSV, speex_preprocess_run, 355896
CSV, speex_echo_cancellation, 992860
CSV, speex_preprocess_run, 355988
CSV, speex_echo_cancellation, 992437
CSV, speex_preprocess_run, 355893
CSV, speex_echo_cancellation, 993049
CSV, speex_preprocess_run, 355926
CSV, speex_echo_cancellation, 992085
CSV, speex_preprocess_run, 356030
CSV, speex_echo_cancellation, 992315
CSV, speex_preprocess_run, 355930
CSV, speex_echo_cancellation, 993251
CSV, speex_preprocess_run, 356061
CSV, speex_echo_cancellation, 992767
CSV, speex_preprocess_run, 355689
CSV, speex_echo_cancellation, 992309
CSV, speex_preprocess_run, 355953
CSV, speex_echo_cancellation, 992841
CSV, speex_preprocess_run, 355880
CSV, speex_echo_cancellation, 992955
CSV, speex_preprocess_run, 355883
CSV, speex_echo_cancellation, 993206
CSV, speex_preprocess_run, 356034
CSV, speex_echo_cancellation, 993345
CSV, speex_preprocess_run, 355950
CSV, speex_echo_cancellation, 993021
CSV, speex_preprocess_run, 355999
CSV, speex_echo_cancellation, 993439
CSV, speex_preprocess_run, 355967
CSV, speex_echo_cancellation, 992721
CSV, speex_preprocess_run, 355889
CSV, speex_echo_cancellation, 992742
CSV, speex_preprocess_run, 355825
CSV, speex_echo_cancellation, 993314
CSV, speex_preprocess_run, 356111
CSV, speex_echo_cancellation, 993425
CSV, speex_preprocess_run, 355855
CSV, speex_echo_cancellation, 993474
CSV, speex_preprocess_run, 355856
CSV, speex_echo_cancellation, 993115
CSV, speex_preprocess_run, 356137
CSV, speex_echo_cancellation, 993442
CSV, speex_preprocess_run, 355772
Result matches!