Nuclei SDK Build Time: Oct 15 2024, 10:42:18
Download Mode: ILM
CPU Frequency 24995758 Hz
CPU HartID: 0
Start processing...
CSV, speex_echo_cancellation, 853148
CSV, speex_preprocess_run, 310964
CSV, speex_echo_cancellation, 853221
CSV, speex_preprocess_run, 307507
CSV, speex_echo_cancellation, 864318
CSV, speex_preprocess_run, 304885
CSV, speex_echo_cancellation, 883496
CSV, speex_preprocess_run, 304459
CSV, speex_echo_cancellation, 883713
CSV, speex_preprocess_run, 303838
CSV, speex_echo_cancellation, 884116
CSV, speex_preprocess_run, 304189
CSV, speex_echo_cancellation, 936089
CSV, speex_preprocess_run, 303806
CSV, speex_echo_cancellation, 883732
CSV, speex_preprocess_run, 304472
CSV, speex_echo_cancellation, 883558
CSV, speex_preprocess_run, 304020
CSV, speex_echo_cancellation, 883914
CSV, speex_preprocess_run, 303447
CSV, speex_echo_cancellation, 883693
CSV, speex_preprocess_run, 303605
CSV, speex_echo_cancellation, 883489
CSV, speex_preprocess_run, 304059
CSV, speex_echo_cancellation, 882934
CSV, speex_preprocess_run, 303972
CSV, speex_echo_cancellation, 883264
CSV, speex_preprocess_run, 304331
CSV, speex_echo_cancellation, 883598
CSV, speex_preprocess_run, 304554
CSV, speex_echo_cancellation, 936184
CSV, speex_preprocess_run, 304338
CSV, speex_echo_cancellation, 883491
CSV, speex_preprocess_run, 304306
CSV, speex_echo_cancellation, 883945
CSV, speex_preprocess_run, 304178
CSV, speex_echo_cancellation, 884443
CSV, speex_preprocess_run, 303806
CSV, speex_echo_cancellation, 883795
CSV, speex_preprocess_run, 303064
CSV, speex_echo_cancellation, 883739
CSV, speex_preprocess_run, 303340
CSV, speex_echo_cancellation, 883836
CSV, speex_preprocess_run, 303956
CSV, speex_echo_cancellation, 883854
CSV, speex_preprocess_run, 304181
CSV, speex_echo_cancellation, 883878
CSV, speex_preprocess_run, 304362
CSV, speex_echo_cancellation, 883420
CSV, speex_preprocess_run, 303715
CSV, speex_echo_cancellation, 883711
CSV, speex_preprocess_run, 303797
CSV, speex_echo_cancellation, 884054
CSV, speex_preprocess_run, 303360
CSV, speex_echo_cancellation, 884025
CSV, speex_preprocess_run, 303370
CSV, speex_echo_cancellation, 884004
CSV, speex_preprocess_run, 302808
CSV, speex_echo_cancellation, 883976
CSV, speex_preprocess_run, 302877
CSV, speex_echo_cancellation, 883938
CSV, speex_preprocess_run, 303011
CSV, speex_echo_cancellation, 883718
CSV, speex_preprocess_run, 313707
CSV, speex_echo_cancellation, 883882
CSV, speex_preprocess_run, 317385
CSV, speex_echo_cancellation, 883696
CSV, speex_preprocess_run, 318867
CSV, speex_echo_cancellation, 883950
CSV, speex_preprocess_run, 320439
CSV, speex_echo_cancellation, 883671
CSV, speex_preprocess_run, 321131
CSV, speex_echo_cancellation, 884383
CSV, speex_preprocess_run, 321685
CSV, speex_echo_cancellation, 884065
CSV, speex_preprocess_run, 322326
CSV, speex_echo_cancellation, 883883
CSV, speex_preprocess_run, 322651
CSV, speex_echo_cancellation, 883460
CSV, speex_preprocess_run, 322339
CSV, speex_echo_cancellation, 883351
CSV, speex_preprocess_run, 322547
CSV, speex_echo_cancellation, 884359
CSV, speex_preprocess_run, 322902
CSV, speex_echo_cancellation, 884842
CSV, speex_preprocess_run, 323046
CSV, speex_echo_cancellation, 884409
CSV, speex_preprocess_run, 322603
CSV, speex_echo_cancellation, 884222
CSV, speex_preprocess_run, 322622
CSV, speex_echo_cancellation, 883489
CSV, speex_preprocess_run, 322620
CSV, speex_echo_cancellation, 883860
CSV, speex_preprocess_run, 322657
CSV, speex_echo_cancellation, 884293
CSV, speex_preprocess_run, 323595
CSV, speex_echo_cancellation, 884309
CSV, speex_preprocess_run, 324590
CSV, speex_echo_cancellation, 884506
CSV, speex_preprocess_run, 324737
CSV, speex_echo_cancellation, 883866
CSV, speex_preprocess_run, 324804
CSV, speex_echo_cancellation, 884457
CSV, speex_preprocess_run, 325358
CSV, speex_echo_cancellation, 883763
CSV, speex_preprocess_run, 325768
CSV, speex_echo_cancellation, 883733
CSV, speex_preprocess_run, 326917
CSV, speex_echo_cancellation, 884215
CSV, speex_preprocess_run, 326292
CSV, speex_echo_cancellation, 883521
CSV, speex_preprocess_run, 326382
CSV, speex_echo_cancellation, 883999
CSV, speex_preprocess_run, 326394
CSV, speex_echo_cancellation, 884365
CSV, speex_preprocess_run, 326325
CSV, speex_echo_cancellation, 884003
CSV, speex_preprocess_run, 326480
CSV, speex_echo_cancellation, 883638
CSV, speex_preprocess_run, 326647
CSV, speex_echo_cancellation, 883891
CSV, speex_preprocess_run, 326683
CSV, speex_echo_cancellation, 883207
CSV, speex_preprocess_run, 326244
CSV, speex_echo_cancellation, 883660
CSV, speex_preprocess_run, 326360
CSV, speex_echo_cancellation, 884309
CSV, speex_preprocess_run, 327377
CSV, speex_echo_cancellation, 884161
CSV, speex_preprocess_run, 329280
CSV, speex_echo_cancellation, 883979
CSV, speex_preprocess_run, 329161
CSV, speex_echo_cancellation, 883555
CSV, speex_preprocess_run, 329449
CSV, speex_echo_cancellation, 882901
CSV, speex_preprocess_run, 329351
CSV, speex_echo_cancellation, 882765
CSV, speex_preprocess_run, 329984
CSV, speex_echo_cancellation, 883397
CSV, speex_preprocess_run, 329385
CSV, speex_echo_cancellation, 883624
CSV, speex_preprocess_run, 329373
CSV, speex_echo_cancellation, 882393
CSV, speex_preprocess_run, 329332
CSV, speex_echo_cancellation, 883831
CSV, speex_preprocess_run, 329683
CSV, speex_echo_cancellation, 883029
CSV, speex_preprocess_run, 329773
CSV, speex_echo_cancellation, 883830
CSV, speex_preprocess_run, 329284
CSV, speex_echo_cancellation, 883516
CSV, speex_preprocess_run, 329532
CSV, speex_echo_cancellation, 883983
CSV, speex_preprocess_run, 329478
CSV, speex_echo_cancellation, 883006
CSV, speex_preprocess_run, 329442
CSV, speex_echo_cancellation, 883246
CSV, speex_preprocess_run, 329373
CSV, speex_echo_cancellation, 883547
CSV, speex_preprocess_run, 328818
CSV, speex_echo_cancellation, 883706
CSV, speex_preprocess_run, 329870
CSV, speex_echo_cancellation, 884068
CSV, speex_preprocess_run, 329897
CSV, speex_echo_cancellation, 883105
CSV, speex_preprocess_run, 329385
CSV, speex_echo_cancellation, 884296
CSV, speex_preprocess_run, 329189
CSV, speex_echo_cancellation, 883884
CSV, speex_preprocess_run, 328914
CSV, speex_echo_cancellation, 882749
CSV, speex_preprocess_run, 329291
CSV, speex_echo_cancellation, 882536
CSV, speex_preprocess_run, 329694
CSV, speex_echo_cancellation, 882816
CSV, speex_preprocess_run, 330279
CSV, speex_echo_cancellation, 883501
CSV, speex_preprocess_run, 330234
CSV, speex_echo_cancellation, 884182
CSV, speex_preprocess_run, 330286
CSV, speex_echo_cancellation, 883400
CSV, speex_preprocess_run, 329692
CSV, speex_echo_cancellation, 883179
CSV, speex_preprocess_run, 330222
CSV, speex_echo_cancellation, 883085
CSV, speex_preprocess_run, 330264
CSV, speex_echo_cancellation, 883663
CSV, speex_preprocess_run, 330363
CSV, speex_echo_cancellation, 883396
CSV, speex_preprocess_run, 330234
CSV, speex_echo_cancellation, 883206
CSV, speex_preprocess_run, 329659
CSV, speex_echo_cancellation, 883010
CSV, speex_preprocess_run, 330456
CSV, speex_echo_cancellation, 883301
CSV, speex_preprocess_run, 330560
CSV, speex_echo_cancellation, 882877
CSV, speex_preprocess_run, 330582
CSV, speex_echo_cancellation, 883214
CSV, speex_preprocess_run, 330540
CSV, speex_echo_cancellation, 883611
CSV, speex_preprocess_run, 330692
CSV, speex_echo_cancellation, 882926
CSV, speex_preprocess_run, 330367
CSV, speex_echo_cancellation, 883897
CSV, speex_preprocess_run, 330225
CSV, speex_echo_cancellation, 883770
CSV, speex_preprocess_run, 330136
CSV, speex_echo_cancellation, 883216
CSV, speex_preprocess_run, 330433
CSV, speex_echo_cancellation, 882909
CSV, speex_preprocess_run, 330465
CSV, speex_echo_cancellation, 883493
CSV, speex_preprocess_run, 330277
CSV, speex_echo_cancellation, 882433
CSV, speex_preprocess_run, 330450
CSV, speex_echo_cancellation, 882525
CSV, speex_preprocess_run, 330470
CSV, speex_echo_cancellation, 883325
CSV, speex_preprocess_run, 330414
CSV, speex_echo_cancellation, 883434
CSV, speex_preprocess_run, 330278
CSV, speex_echo_cancellation, 882908
CSV, speex_preprocess_run, 330446
CSV, speex_echo_cancellation, 883427
CSV, speex_preprocess_run, 330366
CSV, speex_echo_cancellation, 883402
CSV, speex_preprocess_run, 330262
CSV, speex_echo_cancellation, 883633
CSV, speex_preprocess_run, 330198
CSV, speex_echo_cancellation, 883722
CSV, speex_preprocess_run, 330302
CSV, speex_echo_cancellation, 883380
CSV, speex_preprocess_run, 330219
CSV, speex_echo_cancellation, 883854
CSV, speex_preprocess_run, 330206
CSV, speex_echo_cancellation, 882819
CSV, speex_preprocess_run, 330396
CSV, speex_echo_cancellation, 882990
CSV, speex_preprocess_run, 330340
CSV, speex_echo_cancellation, 883461
CSV, speex_preprocess_run, 330406
CSV, speex_echo_cancellation, 883756
CSV, speex_preprocess_run, 330330
CSV, speex_echo_cancellation, 883806
CSV, speex_preprocess_run, 330349
CSV, speex_echo_cancellation, 883507
CSV, speex_preprocess_run, 330360
CSV, speex_echo_cancellation, 883626
CSV, speex_preprocess_run, 330179
Result matches!