Nuclei SDK Build Time: Oct 23 2024, 17:21:34
Download Mode: ILM
CPU Frequency 24994775 Hz
CPU HartID: 0
Start Encoding...
CSV, sbc_encode, 19027
CSV, sbc_encode, 18964
CSV, sbc_encode, 18948
CSV, sbc_encode, 18907
CSV, sbc_encode, 18972
CSV, sbc_encode, 18993
CSV, sbc_encode, 18949
CSV, sbc_encode, 18972
CSV, sbc_encode, 18921
CSV, sbc_encode, 18978
CSV, sbc_encode, 19025
CSV, sbc_encode, 18947
CSV, sbc_encode, 18915
CSV, sbc_encode, 18908
CSV, sbc_encode, 18924
CSV, sbc_encode, 18967
CSV, sbc_encode, 18950
CSV, sbc_encode, 18920
CSV, sbc_encode, 18929
CSV, sbc_encode, 18956
CSV, sbc_encode, 19059
CSV, sbc_encode, 18962
CSV, sbc_encode, 18960
CSV, sbc_encode, 18909
CSV, sbc_encode, 18965
CSV, sbc_encode, 18968
CSV, sbc_encode, 18887
CSV, sbc_encode, 18991
CSV, sbc_encode, 18957
CSV, sbc_encode, 18983
CSV, sbc_encode, 18944
CSV, sbc_encode, 18868
CSV, sbc_encode, 18870
CSV, sbc_encode, 18896
CSV, sbc_encode, 18937
CSV, sbc_encode, 18941
CSV, sbc_encode, 18960
CSV, sbc_encode, 18987
CSV, sbc_encode, 18956
CSV, sbc_encode, 18876
CSV, sbc_encode, 18926
CSV, sbc_encode, 18924
CSV, sbc_encode, 18930
CSV, sbc_encode, 18932
CSV, sbc_encode, 18962
CSV, sbc_encode, 18970
CSV, sbc_encode, 18983
CSV, sbc_encode, 19011
CSV, sbc_encode, 18984
CSV, sbc_encode, 18984
CSV, sbc_encode, 19046
CSV, sbc_encode, 18951
CSV, sbc_encode, 18947
CSV, sbc_encode, 18907
CSV, sbc_encode, 18912
CSV, sbc_encode, 18992
CSV, sbc_encode, 18914
CSV, sbc_encode, 18955
CSV, sbc_encode, 18883
CSV, sbc_encode, 18930
CSV, sbc_encode, 18991
CSV, sbc_encode, 18904
CSV, sbc_encode, 19026
CSV, sbc_encode, 18962
CSV, sbc_encode, 18972
CSV, sbc_encode, 18977
CSV, sbc_encode, 18960
CSV, sbc_encode, 18969
CSV, sbc_encode, 19012
CSV, sbc_encode, 19003
CSV, sbc_encode, 18966
CSV, sbc_encode, 18909
CSV, sbc_encode, 18893
CSV, sbc_encode, 18910
CSV, sbc_encode, 18951
CSV, sbc_encode, 18987
CSV, sbc_encode, 18831
CSV, sbc_encode, 18848
CSV, sbc_encode, 18882
CSV, sbc_encode, 18952
CSV, sbc_encode, 18994
CSV, sbc_encode, 19010
CSV, sbc_encode, 18971
CSV, sbc_encode, 19000
CSV, sbc_encode, 18979
CSV, sbc_encode, 18992
CSV, sbc_encode, 18961
CSV, sbc_encode, 18986
CSV, sbc_encode, 18795
CSV, sbc_encode, 18913
CSV, sbc_encode, 18944
CSV, sbc_encode, 18899
CSV, sbc_encode, 18935
CSV, sbc_encode, 18925
CSV, sbc_encode, 18939
CSV, sbc_encode, 18953
CSV, sbc_encode, 18942
CSV, sbc_encode, 18947
CSV, sbc_encode, 18997
CSV, sbc_encode, 18995
CSV, sbc_encode, 19043
CSV, sbc_encode, 19022
CSV, sbc_encode, 18979
CSV, sbc_encode, 18952
CSV, sbc_encode, 18975
CSV, sbc_encode, 18992
CSV, sbc_encode, 18910
CSV, sbc_encode, 18922
CSV, sbc_encode, 18939
CSV, sbc_encode, 18930
CSV, sbc_encode, 18948
CSV, sbc_encode, 18898
CSV, sbc_encode, 18941
CSV, sbc_encode, 18955
CSV, sbc_encode, 18967
CSV, sbc_encode, 19004
CSV, sbc_encode, 19006
CSV, sbc_encode, 19029
CSV, sbc_encode, 19050
CSV, sbc_encode, 19006
CSV, sbc_encode, 19019
CSV, sbc_encode, 19008
CSV, sbc_encode, 18972
CSV, sbc_encode, 18945
CSV, sbc_encode, 18973
Result matches!
Start Decoding...
CSV, sbc_decode, 17463
CSV, sbc_decode, 17504
CSV, sbc_decode, 17445
CSV, sbc_decode, 17478
CSV, sbc_decode, 17518
CSV, sbc_decode, 17508
CSV, sbc_decode, 17518
CSV, sbc_decode, 17515
CSV, sbc_decode, 17488
CSV, sbc_decode, 17546
CSV, sbc_decode, 17521
CSV, sbc_decode, 17465
CSV, sbc_decode, 17431
CSV, sbc_decode, 17451
CSV, sbc_decode, 17446
CSV, sbc_decode, 17464
CSV, sbc_decode, 17499
CSV, sbc_decode, 17430
CSV, sbc_decode, 17489
CSV, sbc_decode, 17482
CSV, sbc_decode, 17520
CSV, sbc_decode, 17479
CSV, sbc_decode, 17507
CSV, sbc_decode, 17459
CSV, sbc_decode, 17503
CSV, sbc_decode, 17494
CSV, sbc_decode, 17449
CSV, sbc_decode, 17561
CSV, sbc_decode, 17544
CSV, sbc_decode, 17572
CSV, sbc_decode, 17425
CSV, sbc_decode, 17401
CSV, sbc_decode, 17363
CSV, sbc_decode, 17432
CSV, sbc_decode, 17449
CSV, sbc_decode, 17441
CSV, sbc_decode, 17517
CSV, sbc_decode, 17544
CSV, sbc_decode, 17516
CSV, sbc_decode, 17410
CSV, sbc_decode, 17415
CSV, sbc_decode, 17472
CSV, sbc_decode, 17448
CSV, sbc_decode, 17493
CSV, sbc_decode, 17495
CSV, sbc_decode, 17482
CSV, sbc_decode, 17546
CSV, sbc_decode, 17535
CSV, sbc_decode, 17536
CSV, sbc_decode, 17534
CSV, sbc_decode, 17516
CSV, sbc_decode, 17478
CSV, sbc_decode, 17482
CSV, sbc_decode, 17455
CSV, sbc_decode, 17435
CSV, sbc_decode, 17478
CSV, sbc_decode, 17454
CSV, sbc_decode, 17475
CSV, sbc_decode, 17433
CSV, sbc_decode, 17440
CSV, sbc_decode, 17483
CSV, sbc_decode, 17439
CSV, sbc_decode, 17532
CSV, sbc_decode, 17509
CSV, sbc_decode, 17492
CSV, sbc_decode, 17492
CSV, sbc_decode, 17543
CSV, sbc_decode, 17518
CSV, sbc_decode, 17535
CSV, sbc_decode, 17545
CSV, sbc_decode, 17476
CSV, sbc_decode, 17444
CSV, sbc_decode, 17420
CSV, sbc_decode, 17448
CSV, sbc_decode, 17485
CSV, sbc_decode, 17501
CSV, sbc_decode, 17384
CSV, sbc_decode, 17376
CSV, sbc_decode, 17433
CSV, sbc_decode, 17498
CSV, sbc_decode, 17482
CSV, sbc_decode, 17533
CSV, sbc_decode, 17485
CSV, sbc_decode, 17564
CSV, sbc_decode, 17540
CSV, sbc_decode, 17508
CSV, sbc_decode, 17537
CSV, sbc_decode, 17538
CSV, sbc_decode, 17336
CSV, sbc_decode, 17433
CSV, sbc_decode, 17430
CSV, sbc_decode, 17431
CSV, sbc_decode, 17471
CSV, sbc_decode, 17497
CSV, sbc_decode, 17490
CSV, sbc_decode, 17458
CSV, sbc_decode, 17511
CSV, sbc_decode, 17484
CSV, sbc_decode, 17541
CSV, sbc_decode, 17516
CSV, sbc_decode, 17517
CSV, sbc_decode, 17557
CSV, sbc_decode, 17536
CSV, sbc_decode, 17523
CSV, sbc_decode, 17537
CSV, sbc_decode, 17508
CSV, sbc_decode, 17424
CSV, sbc_decode, 17432
CSV, sbc_decode, 17444
CSV, sbc_decode, 17431
CSV, sbc_decode, 17432
CSV, sbc_decode, 17434
CSV, sbc_decode, 17443
CSV, sbc_decode, 17508
CSV, sbc_decode, 17527
CSV, sbc_decode, 17508
CSV, sbc_decode, 17530
CSV, sbc_decode, 17522
CSV, sbc_decode, 17529
CSV, sbc_decode, 17511
CSV, sbc_decode, 17507
CSV, sbc_decode, 17553
CSV, sbc_decode, 17530
CSV, sbc_decode, 17515
CSV, sbc_decode, 17518
Result matches!