Nuclei SDK Build Time: Jun 25 2024, 18:01:13
Download Mode: ILM
CPU Frequency 15997992 Hz
CPU HartID: 0
CSV, encode, 1366453
CSV, encode, 1365072
CSV, encode, 1368279
CSV, encode, 1368728
CSV, encode, 1388365
CSV, encode, 1364139
CSV, encode, 1363865
CSV, encode, 1367765
CSV, encode, 1363815
CSV, encode, 1362290
CSV, encode, 1361218
CSV, encode, 1364890
CSV, encode, 1361821
CSV, encode, 1362338
CSV, encode, 1366318
CSV, encode, 1363833
CSV, encode, 1367998
CSV, encode, 1365837
CSV, encode, 1366143
CSV, encode, 1365115
CSV, encode, 1365859
CSV, encode, 1368588
CSV, encode, 1392046
CSV, encode, 1362627
CSV, encode, 1366116
CSV, encode, 1365407
CSV, encode, 1364432
CSV, encode, 1365879
CSV, encode, 1365885
CSV, encode, 1364114
CSV, encode, 1363690
CSV, encode, 1420660
CSV, encode, 1394242
CSV, encode, 1365538
CSV, encode, 1369398
CSV, encode, 1363562
CSV, encode, 1362688
CSV, encode, 1366218
CSV, encode, 1424659
CSV, encode, 1392578
CSV, encode, 1395601
CSV, encode, 1407748
CSV, encode, 1363089
CSV, encode, 1365054
CSV, encode, 1365833
CSV, encode, 1391664
CSV, encode, 1361950
CSV, encode, 1365628
CSV, encode, 1364207
CSV, encode, 1365779
CSV, encode, 1391615
finish