Nuclei SDK Build Time: Jul  1 2024, 18:01:05
Download Mode: ILM
CPU Frequency 16001269 Hz
CPU HartID: 0
CSV, encode, 1492056
CSV, encode, 1484163
CSV, encode, 1493171
CSV, encode, 1485664
CSV, encode, 1491016
CSV, encode, 1493068
CSV, encode, 1501908
CSV, encode, 1488428
CSV, encode, 1484355
CSV, encode, 1499458
CSV, encode, 1490835
CSV, encode, 1497909
CSV, encode, 1490474
CSV, encode, 1492095
CSV, encode, 1487250
CSV, encode, 1502062
CSV, encode, 1486213
CSV, encode, 1486299
CSV, encode, 1495070
CSV, encode, 1490535
CSV, encode, 1494014
CSV, encode, 1487983
CSV, encode, 1492403
CSV, encode, 1492402
CSV, encode, 1488346
CSV, encode, 1483384
CSV, encode, 1485455
CSV, encode, 1495974
CSV, encode, 1498247
CSV, encode, 1499043
CSV, encode, 1483777
CSV, encode, 1494648
CSV, encode, 1490047
CSV, encode, 1486453
CSV, encode, 1485024
CSV, encode, 1496609
CSV, encode, 1486432
CSV, encode, 1491716
CSV, encode, 1499231
CSV, encode, 1498647
CSV, encode, 1496356
CSV, encode, 1483312
CSV, encode, 1485182
CSV, encode, 1491594
CSV, encode, 1491697
CSV, encode, 1499344
CSV, encode, 1492657
CSV, encode, 1484372
CSV, encode, 1484547
CSV, encode, 1499308
CSV, encode, 1486252
finish