Nuclei SDK Build Time: Oct 10 2024, 16:50:35
Download Mode: ILM
CPU Frequency 25003294 Hz
CPU HartID: 0
CSV, decode, 311471
CSV, decode, 317142
CSV, decode, 317891
CSV, decode, 318579
CSV, decode, 316329
CSV, decode, 318851
CSV, decode, 317279
CSV, decode, 311411
CSV, decode, 319345
CSV, decode, 314347
CSV, decode, 320833
CSV, decode, 315455
CSV, decode, 316949
CSV, decode, 311589
CSV, decode, 319440
CSV, decode, 316338
CSV, decode, 324151
CSV, decode, 313379
CSV, decode, 318630
CSV, decode, 314524
CSV, decode, 319454
CSV, decode, 326881
CSV, decode, 313733
CSV, decode, 315252
CSV, decode, 312362
CSV, decode, 316837
CSV, decode, 320900
CSV, decode, 320314
CSV, decode, 312195
CSV, decode, 316339
CSV, decode, 322166
CSV, decode, 323990
CSV, decode, 317699
CSV, decode, 322407
CSV, decode, 315564
CSV, decode, 316782
CSV, decode, 322287
CSV, decode, 319870
CSV, decode, 318112
CSV, decode, 327003
CSV, decode, 320968
CSV, decode, 318422
CSV, decode, 321053
CSV, decode, 321024
CSV, decode, 326814
CSV, decode, 319733
CSV, decode, 324076
CSV, decode, 317801
CSV, decode, 313989
CSV, decode, 314867
CSV, decode, 316529
CSV, decode, 315351
CSV, decode, 315458
CSV, decode, 313795
CSV, decode, 316625
CSV, decode, 313421
CSV, decode, 315669
CSV, decode, 318528
CSV, decode, 315195
CSV, decode, 312074
CSV, decode, 314334
CSV, decode, 313755
CSV, decode, 321033
CSV, decode, 315433
CSV, decode, 318364
CSV, decode, 312145
CSV, decode, 325160
CSV, decode, 326616
CSV, decode, 315393
CSV, decode, 315031
CSV, decode, 314062
CSV, decode, 321230
CSV, decode, 314518
CSV, decode, 318001
CSV, decode, 317938
CSV, decode, 318306
CSV, decode, 317072
CSV, decode, 314327
CSV, decode, 325333
CSV, decode, 319693
CSV, decode, 315312
CSV, decode, 321092
CSV, decode, 318483
CSV, decode, 321036
CSV, decode, 317856
CSV, decode, 321396
CSV, decode, 317956
CSV, decode, 315655
CSV, decode, 316713
CSV, decode, 322993
CSV, decode, 322103
CSV, decode, 318421
CSV, decode, 314981
CSV, decode, 318047
CSV, decode, 315326
CSV, decode, 318068
CSV, decode, 314700
CSV, decode, 319738
CSV, decode, 311261
CSV, decode, 319460
CSV, decode, 314985
CSV, decode, 318401
CSV, decode, 318386
CSV, decode, 318423
CSV, decode, 318565
CSV, decode, 316647
CSV, decode, 315309
CSV, decode, 324269
CSV, decode, 323663
CSV, decode, 320933
CSV, decode, 320724
CSV, decode, 313789
CSV, decode, 315614
CSV, decode, 315097
CSV, decode, 318323
CSV, decode, 315667
CSV, decode, 319604
CSV, decode, 320923
CSV, decode, 315399
CSV, decode, 315181
CSV, decode, 316715
CSV, decode, 317020
CSV, decode, 316873
CSV, decode, 316924
CSV, decode, 319424
CSV, decode, 313953
CSV, decode, 314386
CSV, decode, 315226
CSV, decode, 314108
CSV, decode, 315686
CSV, decode, 313648
CSV, decode, 316265
CSV, decode, 313566
CSV, decode, 313790
CSV, decode, 316577
CSV, decode, 318480
CSV, decode, 315691
CSV, decode, 315586
CSV, decode, 313866
CSV, decode, 324084
CSV, decode, 318440
CSV, decode, 320895
CSV, decode, 314045
CSV, decode, 324031
CSV, decode, 320987
CSV, decode, 319631
CSV, decode, 318430
CSV, decode, 315564
CSV, decode, 314056
CSV, decode, 316246
CSV, decode, 323549
CSV, decode, 316992
CSV, decode, 317955
CSV, decode, 313601
CSV, decode, 313994
CSV, decode, 316826
CSV, decode, 321044
CSV, decode, 320797
CSV, decode, 319043
CSV, decode, 315176
CSV, decode, 322807
CSV, decode, 316359
CSV, decode, 315840
CSV, decode, 315210
CSV, decode, 322327
CSV, decode, 317882
CSV, decode, 320170
CSV, decode, 310816
CSV, decode, 318201
CSV, decode, 321129
CSV, decode, 315640
CSV, decode, 315865
CSV, decode, 313887
CSV, decode, 316678
CSV, decode, 315348
CSV, decode, 321068
CSV, decode, 318142
CSV, decode, 326722
CSV, decode, 315523
CSV, decode, 314005
CSV, decode, 321196
CSV, decode, 312637
CSV, decode, 313868
CSV, decode, 320664
CSV, decode, 317570
CSV, decode, 319578
CSV, decode, 316420
CSV, decode, 318725
CSV, decode, 322924
CSV, decode, 315892
CSV, decode, 315166
CSV, decode, 322503
CSV, decode, 318086
CSV, decode, 318281
CSV, decode, 318173
CSV, decode, 313664
CSV, decode, 318562
CSV, decode, 321059
CSV, decode, 315203
CSV, decode, 315590
CSV, decode, 315825
CSV, decode, 319532
CSV, decode, 317989
CSV, decode, 322637
CSV, decode, 314712
CSV, decode, 316765
CSV, decode, 319115
CSV, decode, 315232
CSV, decode, 315587
CSV, decode, 315514
CSV, decode, 313762
CSV, decode, 317104
CSV, decode, 315126
CSV, decode, 317513
CSV, decode, 319567
CSV, decode, 319393
CSV, decode, 320953
CSV, decode, 317982
CSV, decode, 315390
CSV, decode, 313659
CSV, decode, 317873
CSV, decode, 312174
CSV, decode, 318864
CSV, decode, 319735
CSV, decode, 320164
CSV, decode, 314149
CSV, decode, 312247
CSV, decode, 314984
CSV, decode, 312749
CSV, decode, 314464
CSV, decode, 319131
CSV, decode, 317556
CSV, decode, 317013
CSV, decode, 314884
CSV, decode, 316478
CSV, decode, 314264
CSV, decode, 315614
CSV, decode, 319739
CSV, decode, 317080
CSV, decode, 317430
CSV, decode, 314964
CSV, decode, 317892
CSV, decode, 316968
CSV, decode, 322720
CSV, decode, 315493
CSV, decode, 315432
CSV, decode, 318366
CSV, decode, 316546
CSV, decode, 318381
CSV, decode, 318119
CSV, decode, 319723
CSV, decode, 315351
CSV, decode, 314748
CSV, decode, 319442
CSV, decode, 313058
CSV, decode, 322633
CSV, decode, 322057
CSV, decode, 316390
CSV, decode, 313633
CSV, decode, 316785
CSV, decode, 316598
CSV, decode, 315669
CSV, decode, 323458
CSV, decode, 316801
CSV, decode, 313766
CSV, decode, 313409
CSV, decode, 313948
CSV, decode, 315165
CSV, decode, 313970
CSV, decode, 317029
CSV, decode, 315357
CSV, decode, 326760
CSV, decode, 318287
CSV, decode, 316566
CSV, decode, 313661
CSV, decode, 317010
CSV, decode, 319464
CSV, decode, 318066
CSV, decode, 316471
CSV, decode, 316790
CSV, decode, 324021
CSV, decode, 313597
CSV, decode, 314744
CSV, decode, 317184
CSV, decode, 319189
CSV, decode, 318032
CSV, decode, 316594
CSV, decode, 315586
CSV, decode, 315498
CSV, decode, 318418
CSV, decode, 318250
CSV, decode, 319575
CSV, decode, 317979
CSV, decode, 316793
CSV, decode, 315636
CSV, decode, 319643
CSV, decode, 322536
CSV, decode, 318170
CSV, decode, 312018
finish!