Nuclei SDK Build Time: Jul  1 2024, 16:55:21
Download Mode: ILM
CPU Frequency 16000286 Hz
CPU HartID: 0
CSV, decode, 309258
CSV, decode, 312531
CSV, decode, 308185
CSV, decode, 309715
CSV, decode, 309898
CSV, decode, 315397
CSV, decode, 309895
CSV, decode, 309711
CSV, decode, 320990
CSV, decode, 317077
CSV, decode, 314289
CSV, decode, 308129
CSV, decode, 315534
CSV, decode, 309580
CSV, decode, 310812
CSV, decode, 311040
CSV, decode, 309588
CSV, decode, 313714
CSV, decode, 309292
CSV, decode, 315373
CSV, decode, 309692
CSV, decode, 315521
CSV, decode, 315456
CSV, decode, 321311
CSV, decode, 312991
CSV, decode, 316769
CSV, decode, 317149
CSV, decode, 312978
CSV, decode, 312579
CSV, decode, 308033
CSV, decode, 309141
CSV, decode, 313941
CSV, decode, 308035
CSV, decode, 309830
CSV, decode, 310291
CSV, decode, 311515
CSV, decode, 309803
CSV, decode, 314008
CSV, decode, 312727
CSV, decode, 313748
CSV, decode, 315101
CSV, decode, 309699
CSV, decode, 312866
CSV, decode, 310708
CSV, decode, 312720
CSV, decode, 312562
CSV, decode, 315709
CSV, decode, 312362
CSV, decode, 309529
CSV, decode, 323030
CSV, decode, 313845